AF144305.1	1	G	1
AF144305.1	2	C	1
AF144305.1	3	A	0
AF144305.1	4	G	0
AF144305.1	5	G	0
AF144305.1	6	G	0
AF144305.1	7	G	0
AF144305.1	8	T	0
AF144305.1	9	A	0
AF144305.1	10	T	0
AF144305.1	11	A	0
AF144305.1	12	A	0
AF144305.1	13	T	40
AF144305.1	14	C	40
AF144305.1	15	T	49
AF144305.1	16	G	63
AF144305.1	17	T	57
AF144305.1	18	C	64
AF144305.1	19	A	66
AF144305.1	20	A	55
AF144305.1	21	A	55
AF144305.1	22	A	58
AF144305.1	23	T	67
AF144305.1	24	G	67
AF144305.1	25	G	57
AF144305.1	26	A	56
AF144305.1	27	G	50
AF144305.1	28	A	45
AF144305.1	29	A	41
AF144305.1	30	A	40
AF144305.1	31	A	36
AF144305.1	32	T	31
AF144305.1	33	A	27
AF144305.1	34	G	27
AF144305.1	35	T	26
AF144305.1	36	G	24
AF144305.1	37	C	27
AF144305.1	38	T	28
AF144305.1	39	T	32
AF144305.1	40	C	37
AF144305.1	41	T	37
AF144305.1	42	T	38
AF144305.1	43	C	42
AF144305.1	44	T	50
AF144305.1	45	T	54
AF144305.1	46	G	49
AF144305.1	47	C	48
AF144305.1	48	A	49
AF144305.1	49	A	44
AF144305.1	50	T	36
AF144305.1	51	A	39
AF144305.1	52	G	40
AF144305.1	53	T	41
AF144305.1	54	C	38
AF144305.1	55	A	38
AF144305.1	56	G	39
AF144305.1	57	T	35
AF144305.1	58	C	39
AF144305.1	59	T	39
AF144305.1	60	T	49
AF144305.1	61	G	52
AF144305.1	62	T	54
AF144305.1	63	C	65
AF144305.1	64	A	71
AF144305.1	65	A	60
AF144305.1	66	A	63
AF144305.1	67	A	45
AF144305.1	68	G	49
AF144305.1	69	T	47
AF144305.1	70	G	45
AF144305.1	71	A	39
AF144305.1	72	T	38
AF144305.1	73	C	43
AF144305.1	74	A	44
AF144305.1	75	G	39
AF144305.1	76	A	41
AF144305.1	77	T	42
AF144305.1	78	T	44
AF144305.1	79	T	45
AF144305.1	80	G	45
AF144305.1	81	C	52
AF144305.1	82	A	50
AF144305.1	83	T	38
AF144305.1	84	T	43
AF144305.1	85	G	39
AF144305.1	86	G	39
AF144305.1	87	T	41
AF144305.1	88	T	47
AF144305.1	89	A	41
AF144305.1	90	C	44
AF144305.1	91	C	49
AF144305.1	92	A	51
AF144305.1	93	T	45
AF144305.1	94	G	58
AF144305.1	95	C	48
AF144305.1	96	A	51
AF144305.1	97	A	44
AF144305.1	98	A	49
AF144305.1	99	C	49
AF144305.1	100	A	35
AF144305.1	101	A	37
AF144305.1	102	C	31
AF144305.1	103	T	28
AF144305.1	104	C	24
AF144305.1	105	G	32
AF144305.1	106	A	37
AF144305.1	107	C	66
AF144305.1	108	A	70
AF144305.1	109	G	68
AF144305.1	110	A	62
AF144305.1	111	G	67
AF144305.1	112	C	51
AF144305.1	113	A	47
AF144305.1	114	G	48
AF144305.1	115	G	44
AF144305.1	116	T	41
AF144305.1	117	T	46
AF144305.1	118	G	42
AF144305.1	119	A	42
AF144305.1	120	C	46
AF144305.1	121	A	48
AF144305.1	122	C	37
AF144305.1	123	A	37
AF144305.1	124	A	38
AF144305.1	125	T	36
AF144305.1	126	A	44
AF144305.1	127	A	49
AF144305.1	128	T	62
AF144305.1	129	G	73
AF144305.1	130	G	67
AF144305.1	131	A	72
AF144305.1	132	A	83
AF144305.1	133	A	90
AF144305.1	134	A	62
AF144305.1	135	G	61
AF144305.1	136	A	50
AF144305.1	137	A	51
AF144305.1	138	C	42
AF144305.1	139	G	44
AF144305.1	140	T	50
AF144305.1	141	T	52
AF144305.1	142	A	48
AF144305.1	143	C	55
AF144305.1	144	T	60
AF144305.1	145	G	62
AF144305.1	146	T	47
AF144305.1	147	T	45
AF144305.1	148	A	40
AF144305.1	149	C	57
AF144305.1	150	A	59
AF144305.1	151	C	59
AF144305.1	152	A	48
AF144305.1	153	T	59
AF144305.1	154	G	65
AF144305.1	155	C	53
AF144305.1	156	C	62
AF144305.1	157	C	60
AF144305.1	158	A	61
AF144305.1	159	A	60
AF144305.1	160	G	53
AF144305.1	161	A	52
AF144305.1	162	C	47
AF144305.1	163	A	33
AF144305.1	164	T	28
AF144305.1	165	A	32
AF144305.1	166	C	43
AF144305.1	167	T	39
AF144305.1	168	G	67
AF144305.1	169	G	79
AF144305.1	170	A	80
AF144305.1	171	A	79
AF144305.1	172	A	61
AF144305.1	173	A	63
AF144305.1	174	G	78
AF144305.1	175	A	78
AF144305.1	176	C	82
AF144305.1	177	A	80
AF144305.1	178	C	67
AF144305.1	179	A	50
AF144305.1	180	C	48
AF144305.1	181	A	40
AF144305.1	182	A	34
AF144305.1	183	T	29
AF144305.1	184	G	40
AF144305.1	185	G	68
AF144305.1	186	G	61
AF144305.1	187	A	43
AF144305.1	188	A	36
AF144305.1	189	G	51
AF144305.1	190	C	55
AF144305.1	191	T	45
AF144305.1	192	C	35
AF144305.1	193	T	36
AF144305.1	194	G	34
AF144305.1	195	C	31
AF144305.1	196	G	26
AF144305.1	197	A	24
AF144305.1	198	T	24
AF144305.1	199	C	25
AF144305.1	200	T	30
AF144305.1	201	A	38
AF144305.1	202	A	47
AF144305.1	203	A	48
AF144305.1	204	T	67
AF144305.1	205	G	57
AF144305.1	206	G	59
AF144305.1	207	A	54
AF144305.1	208	G	59
AF144305.1	209	T	64
AF144305.1	210	G	74
AF144305.1	211	A	66
AF144305.1	212	A	61
AF144305.1	213	G	55
AF144305.1	214	C	47
AF144305.1	215	C	53
AF144305.1	216	T	57
AF144305.1	217	C	70
AF144305.1	218	T	69
AF144305.1	219	C	69
AF144305.1	220	A	65
AF144305.1	221	T	64
AF144305.1	222	T	60
AF144305.1	223	T	75
AF144305.1	224	T	73
AF144305.1	225	G	89
AF144305.1	226	A	45
AF144305.1	227	G	39
AF144305.1	228	A	35
AF144305.1	229	G	38
AF144305.1	230	A	37
AF144305.1	231	T	57
AF144305.1	232	T	84
AF144305.1	233	G	93
AF144305.1	234	T	92
AF144305.1	235	A	61
AF144305.1	236	G	54
AF144305.1	237	T	51
AF144305.1	238	G	50
AF144305.1	239	T	30
AF144305.1	240	A	31
AF144305.1	241	G	68
AF144305.1	242	C	34
AF144305.1	243	T	31
AF144305.1	244	G	46
AF144305.1	245	G	45
AF144305.1	246	A	41
AF144305.1	247	T	41
AF144305.1	248	G	44
AF144305.1	249	G	41
AF144305.1	250	C	40
AF144305.1	251	T	34
AF144305.1	252	C	45
AF144305.1	253	C	51
AF144305.1	254	T	48
AF144305.1	255	C	31
AF144305.1	256	G	29
AF144305.1	257	G	30
AF144305.1	258	A	29
AF144305.1	259	A	29
AF144305.1	260	A	28
AF144305.1	261	C	35
AF144305.1	262	C	38
AF144305.1	263	C	41
AF144305.1	264	T	40
AF144305.1	265	A	34
AF144305.1	266	T	25
AF144305.1	267	G	24
AF144305.1	268	T	18
AF144305.1	269	G	19
AF144305.1	270	T	16
AF144305.1	271	G	15
AF144305.1	272	A	16
AF144305.1	273	C	16
AF144305.1	274	G	16
AF144305.1	275	A	18
AF144305.1	276	A	20
AF144305.1	277	T	20
AF144305.1	278	T	21
AF144305.1	279	C	23
AF144305.1	280	A	25
AF144305.1	281	T	23
AF144305.1	282	C	55
AF144305.1	283	A	43
AF144305.1	284	A	39
AF144305.1	285	T	24
AF144305.1	286	G	18
AF144305.1	287	T	16
AF144305.1	288	G	16
AF144305.1	289	C	16
AF144305.1	290	C	15
AF144305.1	291	G	13
AF144305.1	292	G	17
AF144305.1	293	A	19
AF144305.1	294	A	19
AF144305.1	295	T	21
AF144305.1	296	G	24
AF144305.1	297	G	20
AF144305.1	298	T	14
AF144305.1	299	C	14
AF144305.1	300	T	16
AF144305.1	301	T	11
AF144305.1	302	A	11
AF144305.1	303	C	13
AF144305.1	304	A	15
AF144305.1	305	T	12
AF144305.1	306	A	20
AF144305.1	307	G	49
AF144305.1	308	T	44
AF144305.1	309	G	17
AF144305.1	310	G	15
AF144305.1	311	A	18
AF144305.1	312	G	20
AF144305.1	313	A	15
AF144305.1	314	A	13
AF144305.1	315	G	12
AF144305.1	316	G	12
AF144305.1	317	C	11
AF144305.1	318	C	12
AF144305.1	319	A	19
AF144305.1	320	G	27
AF144305.1	321	T	55
AF144305.1	322	C	49
AF144305.1	323	C	31
AF144305.1	324	A	34
AF144305.1	325	G	41
AF144305.1	326	C	40
AF144305.1	327	C	31
AF144305.1	328	A	26
AF144305.1	329	A	26
AF144305.1	330	T	31
AF144305.1	331	G	31
AF144305.1	332	A	25
AF144305.1	333	C	24
AF144305.1	334	C	37
AF144305.1	335	T	30
AF144305.1	336	C	31
AF144305.1	337	T	40
AF144305.1	338	G	40
AF144305.1	339	T	23
AF144305.1	340	T	21
AF144305.1	341	A	17
AF144305.1	342	C	58
AF144305.1	343	C	64
AF144305.1	344	C	70
AF144305.1	345	A	79
AF144305.1	346	G	94
AF144305.1	347	G	77
AF144305.1	348	G	46
AF144305.1	349	G	29
AF144305.1	350	A	29
AF144305.1	351	T	27
AF144305.1	352	T	27
AF144305.1	353	T	30
AF144305.1	354	C	29
AF144305.1	355	A	24
AF144305.1	356	A	18
AF144305.1	357	C	18
AF144305.1	358	G	16
AF144305.1	359	A	15
AF144305.1	360	C	18
AF144305.1	361	T	17
AF144305.1	362	A	15
AF144305.1	363	T	26
AF144305.1	364	G	62
AF144305.1	365	A	25
AF144305.1	366	A	25
AF144305.1	367	G	29
AF144305.1	368	A	29
AF144305.1	369	A	27
AF144305.1	370	C	47
AF144305.1	371	T	34
AF144305.1	372	G	40
AF144305.1	373	A	38
AF144305.1	374	A	38
AF144305.1	375	A	23
AF144305.1	376	C	20
AF144305.1	377	A	21
AF144305.1	378	C	20
AF144305.1	379	C	16
AF144305.1	380	T	16
AF144305.1	381	A	22
AF144305.1	382	T	20
AF144305.1	383	T	29
AF144305.1	384	G	59
AF144305.1	385	A	58
AF144305.1	386	G	60
AF144305.1	387	C	21
AF144305.1	388	A	17
AF144305.1	389	G	18
AF144305.1	390	A	20
AF144305.1	391	A	17
AF144305.1	392	C	15
AF144305.1	393	A	16
AF144305.1	394	A	15
AF144305.1	395	A	15
AF144305.1	396	C	17
AF144305.1	397	C	23
AF144305.1	398	A	26
AF144305.1	399	T	28
AF144305.1	400	T	27
AF144305.1	401	T	35
AF144305.1	402	T	54
AF144305.1	403	G	58
AF144305.1	404	A	54
AF144305.1	405	G	40
AF144305.1	406	A	25
AF144305.1	407	A	22
AF144305.1	408	A	17
AF144305.1	409	A	15
AF144305.1	410	T	17
AF144305.1	411	T	21
AF144305.1	412	C	14
AF144305.1	413	A	15
AF144305.1	414	G	14
AF144305.1	415	A	15
AF144305.1	416	T	0
AF144305.1	417	C	1
AF144305.1	418	A	1
AF144305.1	419	T	2
AF144305.1	420	C	2
AF144305.1	421	C	1
AF144305.1	422	C	2
AF144305.1	423	C	2
AF144305.1	424	A	3
AF144305.1	425	A	2
AF144305.1	426	A	1
AF144305.1	427	A	0
AF144305.1	428	G	0
AF144305.1	429	T	0
AF144305.1	430	T	1
AF144305.1	431	C	1
AF144305.1	432	T	1
AF144305.1	433	T	1
AF144305.1	434	G	2
AF144305.1	435	G	1
AF144305.1	436	T	0
AF144305.1	437	C	0
AF144305.1	438	C	0
AF144305.1	439	A	0
AF144305.1	440	A	0
AF144305.1	441	T	0
AF144305.1	442	C	0
AF144305.1	443	A	0
AF144305.1	444	T	0
AF144305.1	445	G	0
AF144305.1	446	A	0
AF144305.1	447	T	0
AF144305.1	448	G	0
AF144305.1	449	C	1
AF144305.1	450	C	1
AF144305.1	451	T	1
AF144305.1	452	C	0
AF144305.1	453	A	0
AF144305.1	454	T	0
AF144305.1	455	C	0
AF144305.1	456	A	1
AF144305.1	457	G	1
AF144305.1	458	G	1
AF144305.1	459	G	1
AF144305.1	460	G	1
AF144305.1	461	T	0
AF144305.1	462	G	0
AF144305.1	463	A	0
AF144305.1	464	G	0
AF144305.1	465	C	0
AF144305.1	466	T	0
AF144305.1	467	C	0
AF144305.1	468	A	0
AF144305.1	469	G	0
AF144305.1	470	C	0
AF144305.1	471	A	0
AF144305.1	472	T	1
AF144305.1	473	G	0
AF144305.1	474	T	0
AF144305.1	475	C	0
AF144305.1	476	C	0
AF144305.1	477	A	0
AF144305.1	478	T	0
AF144305.1	479	A	0
AF144305.1	480	C	0
AF144305.1	481	C	1
AF144305.1	482	A	1
AF144305.1	483	T	2
AF144305.1	484	G	2
AF144305.1	485	G	2
AF144305.1	486	G	2
AF144305.1	487	A	1
AF144305.1	488	G	1
AF144305.1	489	G	0
AF144305.1	490	T	0
AF144305.1	491	C	0
AF144305.1	492	C	0
AF144305.1	493	T	0
AF144305.1	494	C	1
AF144305.1	495	C	0
AF144305.1	496	T	0
AF144305.1	497	T	0
AF144305.1	498	T	0
AF144305.1	499	T	0
AF144305.1	500	T	0
AF144305.1	501	C	1
AF144305.1	502	A	2
AF144305.1	503	G	0
AF144305.1	504	A	1
AF144305.1	505	A	1
AF144305.1	506	A	1
AF144305.1	507	T	1
AF144305.1	508	G	1
AF144305.1	509	T	0
AF144305.1	510	G	1
AF144305.1	511	G	0
AF144305.1	512	T	0
AF144305.1	513	A	0
AF144305.1	514	T	0
AF144305.1	515	G	0
AF144305.1	516	G	0
AF144305.1	517	C	0
AF144305.1	518	T	0
AF144305.1	519	T	0
AF144305.1	520	A	0
AF144305.1	521	T	0
AF144305.1	522	C	0
AF144305.1	523	A	0
AF144305.1	524	A	0
AF144305.1	525	A	0
AF144305.1	526	A	0
AF144305.1	527	A	1
AF144305.1	528	G	1
AF144305.1	529	A	0
AF144305.1	530	A	0
AF144305.1	531	C	0
AF144305.1	532	A	0
AF144305.1	533	G	0
AF144305.1	534	T	0
AF144305.1	535	G	0
AF144305.1	536	C	0
AF144305.1	537	A	0
AF144305.1	538	T	0
AF144305.1	539	A	0
AF144305.1	540	C	0
AF144305.1	541	C	0
AF144305.1	542	C	1
AF144305.1	543	A	0
AF144305.1	544	A	0
AF144305.1	545	C	0
AF144305.1	546	A	0
AF144305.1	547	A	0
AF144305.1	548	T	0
AF144305.1	549	A	1
AF144305.1	550	A	0
AF144305.1	551	A	0
AF144305.1	552	G	0
AF144305.1	553	A	0
AF144305.1	554	G	0
AF144305.1	555	G	0
AF144305.1	556	A	0
AF144305.1	557	G	0
AF144305.1	558	C	0
AF144305.1	559	T	0
AF144305.1	560	A	0
AF144305.1	561	C	3
AF144305.1	562	A	3
AF144305.1	563	A	3
AF144305.1	564	T	4
AF144305.1	565	A	4
AF144305.1	566	A	4
AF144305.1	567	T	4
AF144305.1	568	A	4
AF144305.1	569	C	4
AF144305.1	570	C	3
AF144305.1	571	A	3
AF144305.1	572	A	3
AF144305.1	573	C	3
AF144305.1	574	C	2
AF144305.1	575	A	3
AF144305.1	576	A	3
AF144305.1	577	G	3
AF144305.1	578	A	3
AF144305.1	579	A	3
AF144305.1	580	G	3
AF144305.1	581	A	3
AF144305.1	582	T	3
AF144305.1	583	C	3
AF144305.1	584	T	3
AF144305.1	585	T	3
AF144305.1	586	T	3
AF144305.1	587	T	2
AF144305.1	588	A	3
AF144305.1	589	G	4
AF144305.1	590	T	3
AF144305.1	591	A	3
AF144305.1	592	C	3
AF144305.1	593	T	3
AF144305.1	594	G	4
AF144305.1	595	T	5
AF144305.1	596	G	5
AF144305.1	597	G	4
AF144305.1	598	G	5
AF144305.1	599	G	4
AF144305.1	600	G	4
AF144305.1	601	A	4
AF144305.1	602	T	3
AF144305.1	603	T	3
AF144305.1	604	C	4
AF144305.1	605	A	4
AF144305.1	606	C	3
AF144305.1	607	C	4
AF144305.1	608	A	4
AF144305.1	609	T	4
AF144305.1	610	C	4
AF144305.1	611	C	4
AF144305.1	612	T	5
AF144305.1	613	A	4
AF144305.1	614	A	4
AF144305.1	615	T	4
AF144305.1	616	G	4
AF144305.1	617	A	4
AF144305.1	618	T	4
AF144305.1	619	G	5
AF144305.1	620	C	5
AF144305.1	621	G	5
AF144305.1	622	G	5
AF144305.1	623	C	5
AF144305.1	624	A	5
AF144305.1	625	G	4
AF144305.1	626	A	4
AF144305.1	627	G	4
AF144305.1	628	C	4
AF144305.1	629	A	4
AF144305.1	630	G	4
AF144305.1	631	A	4
AF144305.1	632	C	4
AF144305.1	633	A	4
AF144305.1	634	A	4
AF144305.1	635	A	6
AF144305.1	636	G	5
AF144305.1	637	C	5
AF144305.1	638	T	5
AF144305.1	639	C	6
AF144305.1	640	T	5
AF144305.1	641	A	5
AF144305.1	642	T	5
AF144305.1	643	C	5
AF144305.1	644	A	5
AF144305.1	645	A	5
AF144305.1	646	A	7
AF144305.1	647	A	8
AF144305.1	648	C	4
AF144305.1	649	C	6
AF144305.1	650	C	6
AF144305.1	651	A	4
AF144305.1	652	A	6
AF144305.1	653	C	4
AF144305.1	654	C	4
AF144305.1	655	A	4
AF144305.1	656	C	4
AF144305.1	657	T	4
AF144305.1	658	T	4
AF144305.1	659	A	4
AF144305.1	660	C	5
AF144305.1	661	A	4
AF144305.1	662	T	5
AF144305.1	663	T	5
AF144305.1	664	T	4
AF144305.1	665	C	4
AF144305.1	666	C	4
AF144305.1	667	G	7
AF144305.1	668	T	4
AF144305.1	669	T	5
AF144305.1	670	G	5
AF144305.1	671	G	4
AF144305.1	672	A	4
AF144305.1	673	A	5
AF144305.1	674	C	4
AF144305.1	675	A	4
AF144305.1	676	T	3
AF144305.1	677	C	2
AF144305.1	678	A	2
AF144305.1	679	A	2
AF144305.1	680	C	2
AF144305.1	681	A	4
AF144305.1	682	C	3
AF144305.1	683	T	4
AF144305.1	684	G	3
AF144305.1	685	A	4
AF144305.1	686	A	4
AF144305.1	687	C	6
AF144305.1	688	C	6
AF144305.1	689	A	7
AF144305.1	690	G	5
AF144305.1	691	A	5
AF144305.1	692	G	5
AF144305.1	693	A	4
AF144305.1	694	T	4
AF144305.1	695	T	4
AF144305.1	696	G	4
AF144305.1	697	G	4
AF144305.1	698	T	4
AF144305.1	699	T	4
AF144305.1	700	C	4
AF144305.1	701	C	6
AF144305.1	702	A	8
AF144305.1	703	G	7
AF144305.1	704	A	8
AF144305.1	705	A	7
AF144305.1	706	A	8
AF144305.1	707	T	4
AF144305.1	708	A	4
AF144305.1	709	G	4
AF144305.1	710	C	4
AF144305.1	711	T	4
AF144305.1	712	A	4
AF144305.1	713	C	4
AF144305.1	714	T	4
AF144305.1	715	A	4
AF144305.1	716	G	4
AF144305.1	717	A	4
AF144305.1	718	C	4
AF144305.1	719	C	4
AF144305.1	720	C	4
AF144305.1	721	A	4
AF144305.1	722	A	4
AF144305.1	723	A	6
AF144305.1	724	G	6
AF144305.1	725	T	3
AF144305.1	726	A	3
AF144305.1	727	A	3
AF144305.1	728	A	3
AF144305.1	729	C	4
AF144305.1	730	G	5
AF144305.1	731	G	6
AF144305.1	732	G	5
AF144305.1	733	C	5
AF144305.1	734	A	5
AF144305.1	735	A	6
AF144305.1	736	A	5
AF144305.1	737	G	4
AF144305.1	738	T	5
AF144305.1	739	G	5
AF144305.1	740	G	5
AF144305.1	741	A	5
AF144305.1	742	A	9
AF144305.1	743	G	6
AF144305.1	744	A	5
AF144305.1	745	A	5
AF144305.1	746	T	5
AF144305.1	747	G	5
AF144305.1	748	G	5
AF144305.1	749	A	5
AF144305.1	750	G	5
AF144305.1	751	T	5
AF144305.1	752	T	4
AF144305.1	753	C	5
AF144305.1	754	T	7
AF144305.1	755	T	7
AF144305.1	756	C	7
AF144305.1	757	T	7
AF144305.1	758	G	8
AF144305.1	759	G	4
AF144305.1	760	A	6
AF144305.1	761	C	4
AF144305.1	762	A	4
AF144305.1	763	A	4
AF144305.1	764	T	4
AF144305.1	765	T	3
AF144305.1	766	T	3
AF144305.1	767	T	4
AF144305.1	768	A	3
AF144305.1	769	A	7
AF144305.1	770	A	9
AF144305.1	771	G	10
AF144305.1	772	C	9
AF144305.1	773	C	8
AF144305.1	774	G	7
AF144305.1	775	A	6
AF144305.1	776	A	6
AF144305.1	777	T	5
AF144305.1	778	G	5
AF144305.1	779	A	5
AF144305.1	780	T	5
AF144305.1	781	G	5
AF144305.1	782	C	5
AF144305.1	783	C	5
AF144305.1	784	A	5
AF144305.1	785	T	5
AF144305.1	786	C	5
AF144305.1	787	A	5
AF144305.1	788	A	5
AF144305.1	789	T	4
AF144305.1	790	T	6
AF144305.1	791	T	5
AF144305.1	792	C	3
AF144305.1	793	G	3
AF144305.1	794	A	3
AF144305.1	795	G	3
AF144305.1	796	A	3
AF144305.1	797	G	3
AF144305.1	798	T	3
AF144305.1	799	A	3
AF144305.1	800	A	4
AF144305.1	801	T	4
AF144305.1	802	G	5
AF144305.1	803	G	5
AF144305.1	804	A	5
AF144305.1	805	A	5
AF144305.1	806	A	5
AF144305.1	807	T	7
AF144305.1	808	T	7
AF144305.1	809	T	7
AF144305.1	810	C	7
AF144305.1	811	A	6
AF144305.1	812	T	6
AF144305.1	813	T	6
AF144305.1	814	G	6
AF144305.1	815	C	5
AF144305.1	816	T	6
AF144305.1	817	C	10
AF144305.1	818	C	10
AF144305.1	819	A	10
AF144305.1	820	G	9
AF144305.1	821	A	9
AF144305.1	822	A	7
AF144305.1	823	T	5
AF144305.1	824	A	5
AF144305.1	825	T	5
AF144305.1	826	G	5
AF144305.1	827	C	5
AF144305.1	828	A	5
AF144305.1	829	T	5
AF144305.1	830	A	5
AF144305.1	831	C	6
AF144305.1	832	A	7
AF144305.1	833	A	5
AF144305.1	834	A	5
AF144305.1	835	A	6
AF144305.1	836	T	5
AF144305.1	837	T	6
AF144305.1	838	G	5
AF144305.1	839	T	5
AF144305.1	840	C	5
AF144305.1	841	A	6
AF144305.1	842	A	4
AF144305.1	843	G	4
AF144305.1	844	A	7
AF144305.1	845	A	6
AF144305.1	846	A	3
AF144305.1	847	G	5
AF144305.1	848	G	6
AF144305.1	849	G	4
AF144305.1	850	G	2
AF144305.1	851	A	4
AF144305.1	852	C	2
AF144305.1	853	T	2
AF144305.1	854	C	2
AF144305.1	855	A	4
AF144305.1	856	G	4
AF144305.1	857	C	4
AF144305.1	858	A	3
AF144305.1	859	A	3
AF144305.1	860	T	3
AF144305.1	861	T	3
AF144305.1	862	A	3
AF144305.1	863	T	3
AF144305.1	864	G	6
AF144305.1	865	A	6
AF144305.1	866	A	6
AF144305.1	867	A	7
AF144305.1	868	A	6
AF144305.1	869	G	5
AF144305.1	870	T	5
AF144305.1	871	G	5
AF144305.1	872	A	5
AF144305.1	873	A	5
AF144305.1	874	T	5
AF144305.1	875	T	5
AF144305.1	876	G	5
AF144305.1	877	G	4
AF144305.1	878	A	4
AF144305.1	879	A	4
AF144305.1	880	T	5
AF144305.1	881	A	5
AF144305.1	882	T	5
AF144305.1	883	G	5
AF144305.1	884	G	5
AF144305.1	885	T	5
AF144305.1	886	A	5
AF144305.1	887	A	6
AF144305.1	888	C	5
AF144305.1	889	T	5
AF144305.1	890	G	5
AF144305.1	891	C	5
AF144305.1	892	A	5
AF144305.1	893	A	5
AF144305.1	894	C	7
AF144305.1	895	A	8
AF144305.1	896	C	6
AF144305.1	897	C	6
AF144305.1	898	A	6
AF144305.1	899	A	6
AF144305.1	900	G	8
AF144305.1	901	T	6
AF144305.1	902	G	6
AF144305.1	903	T	6
AF144305.1	904	C	5
AF144305.1	905	A	5
AF144305.1	906	A	4
AF144305.1	907	A	4
AF144305.1	908	C	6
AF144305.1	909	T	4
AF144305.1	910	C	4
AF144305.1	911	C	5
AF144305.1	912	A	8
AF144305.1	913	A	9
AF144305.1	914	T	5
AF144305.1	915	G	5
AF144305.1	916	G	4
AF144305.1	917	G	7
AF144305.1	918	G	7
AF144305.1	919	G	9
AF144305.1	920	C	7
AF144305.1	921	G	5
AF144305.1	922	A	6
AF144305.1	923	T	7
AF144305.1	924	A	9
AF144305.1	925	A	8
AF144305.1	926	A	9
AF144305.1	927	C	8
AF144305.1	928	T	7
AF144305.1	929	C	7
AF144305.1	930	T	7
AF144305.1	931	A	7
AF144305.1	932	G	7
AF144305.1	933	T	7
AF144305.1	934	A	8
AF144305.1	935	T	8
AF144305.1	936	G	7
AF144305.1	937	C	8
AF144305.1	938	C	9
AF144305.1	939	A	9
AF144305.1	940	T	9
AF144305.1	941	T	9
AF144305.1	942	C	11
AF144305.1	943	C	11
AF144305.1	944	A	9
AF144305.1	945	C	12
AF144305.1	946	A	8
AF144305.1	947	A	7
AF144305.1	948	C	7
AF144305.1	949	A	8
AF144305.1	950	T	7
AF144305.1	951	A	7
AF144305.1	952	C	8
AF144305.1	953	A	8
AF144305.1	954	C	7
AF144305.1	955	C	8
AF144305.1	956	C	8
AF144305.1	957	C	9
AF144305.1	958	C	10
AF144305.1	959	T	11
AF144305.1	960	C	15
AF144305.1	961	A	11
AF144305.1	962	C	11
AF144305.1	963	C	13
AF144305.1	964	A	11
AF144305.1	965	T	10
AF144305.1	966	C	11
AF144305.1	967	G	12
AF144305.1	968	G	10
AF144305.1	969	G	6
AF144305.1	970	G	8
AF144305.1	971	A	10
AF144305.1	972	A	9
AF144305.1	973	T	9
AF144305.1	974	G	11
AF144305.1	975	C	11
AF144305.1	976	C	12
AF144305.1	977	C	11
AF144305.1	978	C	15
AF144305.1	979	A	14
AF144305.1	980	A	14
AF144305.1	981	A	14
AF144305.1	982	T	6
AF144305.1	983	A	7
AF144305.1	984	T	7
AF144305.1	985	G	9
AF144305.1	986	T	10
AF144305.1	987	G	9
AF144305.1	988	A	9
AF144305.1	989	A	9
AF144305.1	990	A	12
AF144305.1	991	T	10
AF144305.1	992	C	10
AF144305.1	993	A	10
AF144305.1	994	A	10
AF144305.1	995	A	11
AF144305.1	996	C	11
AF144305.1	997	A	11
AF144305.1	998	G	11
AF144305.1	999	A	11
AF144305.1	1000	T	11
AF144305.1	1001	T	9
AF144305.1	1002	A	10
AF144305.1	1003	G	9
AF144305.1	1004	T	6
AF144305.1	1005	C	6
AF144305.1	1006	C	6
AF144305.1	1007	T	6
AF144305.1	1008	T	7
AF144305.1	1009	G	9
AF144305.1	1010	C	6
AF144305.1	1011	G	4
AF144305.1	1012	A	6
AF144305.1	1013	C	13
AF144305.1	1014	T	10
AF144305.1	1015	G	8
AF144305.1	1016	G	11
AF144305.1	1017	A	12
AF144305.1	1018	C	11
AF144305.1	1019	T	12
AF144305.1	1020	C	15
AF144305.1	1021	A	13
AF144305.1	1022	G	9
AF144305.1	1023	A	8
AF144305.1	1024	A	8
AF144305.1	1025	A	8
AF144305.1	1026	T	7
AF144305.1	1027	A	7
AF144305.1	1028	C	6
AF144305.1	1029	C	6
AF144305.1	1030	C	6
AF144305.1	1031	C	8
AF144305.1	1032	T	8
AF144305.1	1033	C	6
AF144305.1	1034	A	7
AF144305.1	1035	G	11
AF144305.1	1036	A	9
AF144305.1	1037	G	7
AF144305.1	1038	A	6
AF144305.1	1039	G	5
AF144305.1	1040	A	8
AF144305.1	1041	G	13
AF144305.1	1042	A	12
AF144305.1	1043	G	11
AF144305.1	1044	A	14
AF144305.1	1045	A	11
AF144305.1	1046	G	11
AF144305.1	1047	A	12
AF144305.1	1048	A	10
AF144305.1	1049	G	10
AF144305.1	1050	A	11
AF144305.1	1051	A	14
AF144305.1	1052	A	13
AF144305.1	1053	A	14
AF144305.1	1054	A	15
AF144305.1	1055	A	15
AF144305.1	1056	G	16
AF144305.1	1057	A	17
AF144305.1	1058	G	12
AF144305.1	1059	A	7
AF144305.1	1060	G	9
AF144305.1	1061	G	9
AF144305.1	1062	A	7
AF144305.1	1063	C	6
AF144305.1	1064	T	7
AF144305.1	1065	A	9
AF144305.1	1066	T	10
AF144305.1	1067	T	16
AF144305.1	1068	T	16
AF144305.1	1069	G	8
AF144305.1	1070	G	8
AF144305.1	1071	A	9
AF144305.1	1072	G	9
AF144305.1	1073	C	7
AF144305.1	1074	T	6
AF144305.1	1075	A	6
AF144305.1	1076	T	6
AF144305.1	1077	A	6
AF144305.1	1078	G	11
AF144305.1	1079	C	12
AF144305.1	1080	A	11
AF144305.1	1081	G	11
AF144305.1	1082	G	12
AF144305.1	1083	T	12
AF144305.1	1084	T	9
AF144305.1	1085	T	9
AF144305.1	1086	T	9
AF144305.1	1087	A	9
AF144305.1	1088	T	8
AF144305.1	1089	A	11
AF144305.1	1090	G	12
AF144305.1	1091	A	10
AF144305.1	1092	G	12
AF144305.1	1093	G	17
AF144305.1	1094	G	13
AF144305.1	1095	A	16
AF144305.1	1096	G	19
AF144305.1	1097	G	17
AF144305.1	1098	A	18
AF144305.1	1099	T	18
AF144305.1	1100	G	24
AF144305.1	1101	G	23
AF144305.1	1102	C	18
AF144305.1	1103	A	16
AF144305.1	1104	G	15
AF144305.1	1105	G	14
AF144305.1	1106	G	13
AF144305.1	1107	A	13
AF144305.1	1108	A	14
AF144305.1	1109	T	10
AF144305.1	1110	G	10
AF144305.1	1111	G	10
AF144305.1	1112	T	10
AF144305.1	1113	A	10
AF144305.1	1114	G	10
AF144305.1	1115	A	10
AF144305.1	1116	T	10
AF144305.1	1117	G	14
AF144305.1	1118	G	14
AF144305.1	1119	T	11
AF144305.1	1120	T	10
AF144305.1	1121	G	10
AF144305.1	1122	G	9
AF144305.1	1123	T	9
AF144305.1	1124	A	9
AF144305.1	1125	T	8
AF144305.1	1126	G	8
AF144305.1	1127	G	9
AF144305.1	1128	G	9
AF144305.1	1129	T	7
AF144305.1	1130	A	8
AF144305.1	1131	C	8
AF144305.1	1132	C	8
AF144305.1	1133	A	7
AF144305.1	1134	C	6
AF144305.1	1135	C	10
AF144305.1	1136	A	8
AF144305.1	1137	T	8
AF144305.1	1138	A	6
AF144305.1	1139	G	7
AF144305.1	1140	C	8
AF144305.1	1141	A	9
AF144305.1	1142	A	9
AF144305.1	1143	T	12
AF144305.1	1144	G	16
AF144305.1	1145	A	16
AF144305.1	1146	G	16
AF144305.1	1147	C	16
AF144305.1	1148	A	13
AF144305.1	1149	G	17
AF144305.1	1150	G	15
AF144305.1	1151	G	15
AF144305.1	1152	G	14
AF144305.1	1153	A	19
AF144305.1	1154	G	14
AF144305.1	1155	T	12
AF144305.1	1156	G	9
AF144305.1	1157	G	10
AF144305.1	1158	A	9
AF144305.1	1159	T	9
AF144305.1	1160	A	10
AF144305.1	1161	C	10
AF144305.1	1162	G	9
AF144305.1	1163	C	10
AF144305.1	1164	T	10
AF144305.1	1165	G	10
AF144305.1	1166	C	10
AF144305.1	1167	A	9
AF144305.1	1168	G	8
AF144305.1	1169	A	6
AF144305.1	1170	C	7
AF144305.1	1171	A	12
AF144305.1	1172	A	9
AF144305.1	1173	A	9
AF144305.1	1174	G	7
AF144305.1	1175	A	7
AF144305.1	1176	A	10
AF144305.1	1177	T	13
AF144305.1	1178	C	13
AF144305.1	1179	C	12
AF144305.1	1180	A	8
AF144305.1	1181	C	8
AF144305.1	1182	T	12
AF144305.1	1183	C	11
AF144305.1	1184	A	11
AF144305.1	1185	A	15
AF144305.1	1186	A	13
AF144305.1	1187	A	15
AF144305.1	1188	G	14
AF144305.1	1189	G	14
AF144305.1	1190	C	12
AF144305.1	1191	A	10
AF144305.1	1192	A	10
AF144305.1	1193	T	10
AF144305.1	1194	A	11
AF144305.1	1195	G	10
AF144305.1	1196	A	11
AF144305.1	1197	T	14
AF144305.1	1198	G	12
AF144305.1	1199	G	11
AF144305.1	1200	A	10
AF144305.1	1201	G	10
AF144305.1	1202	T	10
AF144305.1	1203	C	10
AF144305.1	1204	A	9
AF144305.1	1205	C	9
AF144305.1	1206	C	9
AF144305.1	1207	A	11
AF144305.1	1208	A	11
AF144305.1	1209	T	10
AF144305.1	1210	A	12
AF144305.1	1211	A	13
AF144305.1	1212	G	14
AF144305.1	1213	G	11
AF144305.1	1214	T	10
AF144305.1	1215	C	10
AF144305.1	1216	A	8
AF144305.1	1217	A	8
AF144305.1	1218	C	9
AF144305.1	1219	T	8
AF144305.1	1220	C	11
AF144305.1	1221	G	12
AF144305.1	1222	A	12
AF144305.1	1223	T	12
AF144305.1	1224	C	11
AF144305.1	1225	A	11
AF144305.1	1226	T	11
AF144305.1	1227	T	12
AF144305.1	1228	G	12
AF144305.1	1229	A	11
AF144305.1	1230	C	16
AF144305.1	1231	A	16
AF144305.1	1232	A	12
AF144305.1	1233	A	13
AF144305.1	1234	A	12
AF144305.1	1235	T	11
AF144305.1	1236	G	12
AF144305.1	1237	A	11
AF144305.1	1238	A	11
AF144305.1	1239	C	11
AF144305.1	1240	A	11
AF144305.1	1241	C	10
AF144305.1	1242	T	9
AF144305.1	1243	C	9
AF144305.1	1244	A	7
AF144305.1	1245	G	8
AF144305.1	1246	T	10
AF144305.1	1247	T	11
AF144305.1	1248	T	13
AF144305.1	1249	G	14
AF144305.1	1250	A	13
AF144305.1	1251	G	13
AF144305.1	1252	G	34
AF144305.1	1253	C	33
AF144305.1	1254	C	33
AF144305.1	1255	G	32
AF144305.1	1256	T	32
AF144305.1	1257	T	31
AF144305.1	1258	G	34
AF144305.1	1259	G	33
AF144305.1	1260	A	39
AF144305.1	1261	A	32
AF144305.1	1262	G	32
AF144305.1	1263	G	31
AF144305.1	1264	G	30
AF144305.1	1265	A	30
AF144305.1	1266	A	29
AF144305.1	1267	T	28
AF144305.1	1268	T	31
AF144305.1	1269	T	32
AF144305.1	1270	A	31
AF144305.1	1271	A	32
AF144305.1	1272	T	31
AF144305.1	1273	A	29
AF144305.1	1274	A	28
AF144305.1	1275	C	27
AF144305.1	1276	T	30
AF144305.1	1277	T	33
AF144305.1	1278	G	35
AF144305.1	1279	G	31
AF144305.1	1280	A	41
AF144305.1	1281	A	39
AF144305.1	1282	A	38
AF144305.1	1283	G	35
AF144305.1	1284	G	36
AF144305.1	1285	A	31
AF144305.1	1286	G	32
AF144305.1	1287	G	26
AF144305.1	1288	A	25
AF144305.1	1289	T	27
AF144305.1	1290	A	31
AF144305.1	1291	G	28
AF144305.1	1292	A	26
AF144305.1	1293	G	24
AF144305.1	1294	A	24
AF144305.1	1295	A	26
AF144305.1	1296	T	28
AF144305.1	1297	T	29
AF144305.1	1298	T	29
AF144305.1	1299	A	32
AF144305.1	1300	A	32
AF144305.1	1301	A	29
AF144305.1	1302	C	36
AF144305.1	1303	A	45
AF144305.1	1304	A	45
AF144305.1	1305	G	41
AF144305.1	1306	C	38
AF144305.1	1307	A	45
AF144305.1	1308	G	45
AF144305.1	1309	A	42
AF144305.1	1310	T	43
AF144305.1	1311	G	45
AF144305.1	1312	G	43
AF144305.1	1313	A	37
AF144305.1	1314	A	35
AF144305.1	1315	G	33
AF144305.1	1316	A	33
AF144305.1	1317	C	34
AF144305.1	1318	G	32
AF144305.1	1319	G	32
AF144305.1	1320	A	32
AF144305.1	1321	T	33
AF144305.1	1322	T	34
AF144305.1	1323	C	29
AF144305.1	1324	C	31
AF144305.1	1325	T	31
AF144305.1	1326	A	29
AF144305.1	1327	G	30
AF144305.1	1328	A	30
AF144305.1	1329	T	31
AF144305.1	1330	G	32
AF144305.1	1331	T	32
AF144305.1	1332	C	36
AF144305.1	1333	T	34
AF144305.1	1334	G	33
AF144305.1	1335	G	32
AF144305.1	1336	A	30
AF144305.1	1337	C	32
AF144305.1	1338	T	30
AF144305.1	1339	T	30
AF144305.1	1340	A	32
AF144305.1	1341	T	28
AF144305.1	1342	A	31
AF144305.1	1343	A	31
AF144305.1	1344	T	31
AF144305.1	1345	G	37
AF144305.1	1346	C	39
AF144305.1	1347	T	37
AF144305.1	1348	G	37
AF144305.1	1349	A	39
AF144305.1	1350	A	38
AF144305.1	1351	C	36
AF144305.1	1352	T	32
AF144305.1	1353	T	33
AF144305.1	1354	C	32
AF144305.1	1355	T	32
AF144305.1	1356	G	32
AF144305.1	1357	G	31
AF144305.1	1358	T	32
AF144305.1	1359	T	33
AF144305.1	1360	C	31
AF144305.1	1361	T	31
AF144305.1	1362	C	32
AF144305.1	1363	A	30
AF144305.1	1364	T	33
AF144305.1	1365	G	41
AF144305.1	1366	G	41
AF144305.1	1367	A	33
AF144305.1	1368	A	37
AF144305.1	1369	A	37
AF144305.1	1370	A	34
AF144305.1	1371	T	32
AF144305.1	1372	G	32
AF144305.1	1373	A	34
AF144305.1	1374	G	30
AF144305.1	1375	A	30
AF144305.1	1376	G	30
AF144305.1	1377	A	29
AF144305.1	1378	A	26
AF144305.1	1379	C	26
AF144305.1	1380	T	27
AF144305.1	1381	C	29
AF144305.1	1382	T	28
AF144305.1	1383	A	28
AF144305.1	1384	G	28
AF144305.1	1385	A	29
AF144305.1	1386	C	32
AF144305.1	1387	T	32
AF144305.1	1388	T	30
AF144305.1	1389	T	30
AF144305.1	1390	C	31
AF144305.1	1391	A	29
AF144305.1	1392	T	29
AF144305.1	1393	G	32
AF144305.1	1394	A	33
AF144305.1	1395	C	34
AF144305.1	1396	T	36
AF144305.1	1397	C	33
AF144305.1	1398	A	38
AF144305.1	1399	A	38
AF144305.1	1400	A	40
AF144305.1	1401	T	40
AF144305.1	1402	G	42
AF144305.1	1403	T	44
AF144305.1	1404	C	44
AF144305.1	1405	A	44
AF144305.1	1406	A	35
AF144305.1	1407	G	35
AF144305.1	1408	A	36
AF144305.1	1409	A	35
AF144305.1	1410	C	36
AF144305.1	1411	C	35
AF144305.1	1412	T	33
AF144305.1	1413	T	32
AF144305.1	1414	T	36
AF144305.1	1415	A	30
AF144305.1	1416	T	69
AF144305.1	1417	G	78
AF144305.1	1418	A	83
AF144305.1	1419	C	93
AF144305.1	1420	A	89
AF144305.1	1421	A	89
AF144305.1	1422	G	104
AF144305.1	1423	G	106
AF144305.1	1424	T	97
AF144305.1	1425	C	92
AF144305.1	1426	C	93
AF144305.1	1427	G	83
AF144305.1	1428	A	81
AF144305.1	1429	C	82
AF144305.1	1430	T	87
AF144305.1	1431	A	84
AF144305.1	1432	C	89
AF144305.1	1433	A	88
AF144305.1	1434	G	85
AF144305.1	1435	C	101
AF144305.1	1436	T	104
AF144305.1	1437	T	102
AF144305.1	1438	A	99
AF144305.1	1439	G	91
AF144305.1	1440	G	90
AF144305.1	1441	G	91
AF144305.1	1442	A	94
AF144305.1	1443	T	95
AF144305.1	1444	A	99
AF144305.1	1445	A	101
AF144305.1	1446	T	110
AF144305.1	1447	G	111
AF144305.1	1448	C	95
AF144305.1	1449	A	119
AF144305.1	1450	A	123
AF144305.1	1451	A	128
AF144305.1	1452	G	128
AF144305.1	1453	G	125
AF144305.1	1454	A	128
AF144305.1	1455	G	127
AF144305.1	1456	C	120
AF144305.1	1457	T	104
AF144305.1	1458	G	107
AF144305.1	1459	G	104
AF144305.1	1460	G	99
AF144305.1	1461	T	90
AF144305.1	1462	A	93
AF144305.1	1463	A	92
AF144305.1	1464	T	89
AF144305.1	1465	G	91
AF144305.1	1466	G	92
AF144305.1	1467	T	92
AF144305.1	1468	T	93
AF144305.1	1469	G	84
AF144305.1	1470	T	79
AF144305.1	1471	T	80
AF144305.1	1472	T	76
AF144305.1	1473	C	67
AF144305.1	1474	G	61
AF144305.1	1475	A	69
AF144305.1	1476	G	67
AF144305.1	1477	T	65
AF144305.1	1478	T	77
AF144305.1	1479	C	80
AF144305.1	1480	T	83
AF144305.1	1481	A	88
AF144305.1	1482	T	90
AF144305.1	1483	C	104
AF144305.1	1484	A	106
AF144305.1	1485	C	102
AF144305.1	1486	A	109
AF144305.1	1487	A	105
AF144305.1	1488	A	108
AF144305.1	1489	T	108
AF144305.1	1490	G	104
AF144305.1	1491	T	101
AF144305.1	1492	G	103
AF144305.1	1493	A	101
AF144305.1	1494	T	99
AF144305.1	1495	A	109
AF144305.1	1496	A	106
AF144305.1	1497	T	107
AF144305.1	1498	G	100
AF144305.1	1499	A	92
AF144305.1	1500	A	90
AF144305.1	1501	T	89
AF144305.1	1502	G	91
AF144305.1	1503	T	91
AF144305.1	1504	A	90
AF144305.1	1505	T	192
AF144305.1	1506	G	211
AF144305.1	1507	G	174
AF144305.1	1508	A	188
AF144305.1	1509	A	195
AF144305.1	1510	A	189
AF144305.1	1511	G	184
AF144305.1	1512	T	187
AF144305.1	1513	G	187
AF144305.1	1514	T	187
AF144305.1	1515	A	203
AF144305.1	1516	A	197
AF144305.1	1517	A	180
AF144305.1	1518	A	183
AF144305.1	1519	A	188
AF144305.1	1520	A	177
AF144305.1	1521	C	165
AF144305.1	1522	G	145
AF144305.1	1523	G	137
AF144305.1	1524	A	130
AF144305.1	1525	A	130
AF144305.1	1526	C	125
AF144305.1	1527	G	121
AF144305.1	1528	T	123
AF144305.1	1529	A	132
AF144305.1	1530	T	130
AF144305.1	1531	G	129
AF144305.1	1532	A	146
AF144305.1	1533	C	152
AF144305.1	1534	T	150
AF144305.1	1535	A	137
AF144305.1	1536	C	140
AF144305.1	1537	C	141
AF144305.1	1538	C	145
AF144305.1	1539	G	130
AF144305.1	1540	C	147
AF144305.1	1541	A	147
AF144305.1	1542	G	144
AF144305.1	1543	T	131
AF144305.1	1544	A	135
AF144305.1	1545	T	148
AF144305.1	1546	T	168
AF144305.1	1547	C	154
AF144305.1	1548	A	167
AF144305.1	1549	G	168
AF144305.1	1550	A	189
AF144305.1	1551	A	190
AF144305.1	1552	G	191
AF144305.1	1553	A	194
AF144305.1	1554	A	195
AF144305.1	1555	G	200
AF144305.1	1556	C	194
AF144305.1	1557	A	173
AF144305.1	1558	A	165
AF144305.1	1559	G	162
AF144305.1	1560	A	166
AF144305.1	1561	C	163
AF144305.1	1562	T	182
AF144305.1	1563	A	182
AF144305.1	1564	A	179
AF144305.1	1565	A	176
AF144305.1	1566	C	194
AF144305.1	1567	A	213
AF144305.1	1568	G	216
AF144305.1	1569	A	213
AF144305.1	1570	G	216
AF144305.1	1571	A	219
AF144305.1	1572	G	217
AF144305.1	1573	G	190
AF144305.1	1574	A	185
AF144305.1	1575	A	192
AF144305.1	1576	A	187
AF144305.1	1577	T	160
AF144305.1	1578	A	152
AF144305.1	1579	A	148
AF144305.1	1580	G	146
AF144305.1	1581	T	141
AF144305.1	1582	G	136
AF144305.1	1583	G	157
AF144305.1	1584	A	162
AF144305.1	1585	G	173
AF144305.1	1586	T	167
AF144305.1	1587	A	182
AF144305.1	1588	A	192
AF144305.1	1589	A	172
AF144305.1	1590	A	162
AF144305.1	1591	T	172
AF144305.1	1592	T	173
AF144305.1	1593	G	155
AF144305.1	1594	G	147
AF144305.1	1595	A	151
AF144305.1	1596	A	149
AF144305.1	1597	T	150
AF144305.1	1598	C	153
AF144305.1	1599	A	154
AF144305.1	1600	A	156
AF144305.1	1601	T	153
AF144305.1	1602	G	157
AF144305.1	1603	G	153
AF144305.1	1604	G	148
AF144305.1	1605	A	145
AF144305.1	1606	A	145
AF144305.1	1607	C	149
AF144305.1	1608	T	152
AF144305.1	1609	T	159
AF144305.1	1610	A	161
AF144305.1	1611	C	162
AF144305.1	1612	C	162
AF144305.1	1613	A	151
AF144305.1	1614	A	150
AF144305.1	1615	A	157
AF144305.1	1616	T	147
AF144305.1	1617	A	156
AF144305.1	1618	C	165
AF144305.1	1619	T	165
AF144305.1	1620	G	162
AF144305.1	1621	T	160
AF144305.1	1622	C	157
AF144305.1	1623	A	167
AF144305.1	1624	A	150
AF144305.1	1625	T	155
AF144305.1	1626	T	160
AF144305.1	1627	T	161
AF144305.1	1628	A	164
AF144305.1	1629	T	162
AF144305.1	1630	T	162
AF144305.1	1631	C	169
AF144305.1	1632	A	179
AF144305.1	1633	A	161
AF144305.1	1634	C	152
AF144305.1	1635	A	154
AF144305.1	1636	G	145
AF144305.1	1637	T	142
AF144305.1	1638	G	133
AF144305.1	1639	G	154
AF144305.1	1640	C	158
AF144305.1	1641	G	159
AF144305.1	1642	A	155
AF144305.1	1643	G	163
AF144305.1	1644	T	172
AF144305.1	1645	T	148
AF144305.1	1646	C	146
AF144305.1	1647	C	150
AF144305.1	1648	C	165
AF144305.1	1649	T	156
AF144305.1	1650	A	179
AF144305.1	1651	G	180
AF144305.1	1652	C	183
AF144305.1	1653	A	186
AF144305.1	1654	C	200
AF144305.1	1655	T	209
AF144305.1	1656	G	191
AF144305.1	1657	G	180
AF144305.1	1658	C	177
AF144305.1	1659	A	175
AF144305.1	1660	A	156
AF144305.1	1661	T	157
AF144305.1	1662	C	158
AF144305.1	1663	A	165
AF144305.1	1664	T	168
AF144305.1	1665	G	184
AF144305.1	1666	G	182
AF144305.1	1667	T	195
AF144305.1	1668	A	200
AF144305.1	1669	G	194
AF144305.1	1670	C	185
AF144305.1	1671	T	161
AF144305.1	1672	G	163
AF144305.1	1673	G	141
AF144305.1	1674	T	138
AF144305.1	1675	C	139
AF144305.1	1676	T	156
AF144305.1	1677	A	157
AF144305.1	1678	T	174
AF144305.1	1679	C	162
AF144305.1	1680	T	162
AF144305.1	1681	T	166
AF144305.1	1682	T	171
AF144305.1	1683	A	156
AF144305.1	1684	T	163
AF144305.1	1685	G	175
AF144305.1	1686	G	166
AF144305.1	1687	A	167
AF144305.1	1688	T	169
AF144305.1	1689	G	180
AF144305.1	1690	T	161
AF144305.1	1691	G	164
AF144305.1	1692	C	167
AF144305.1	1693	T	162
AF144305.1	1694	C	157
AF144305.1	1695	C	166
AF144305.1	1696	A	161
AF144305.1	1697	A	156
AF144305.1	1698	T	159
AF144305.1	1699	G	122
AF144305.1	1700	G	118
AF144305.1	1701	A	118
AF144305.1	1702	T	116
AF144305.1	1703	C	110
AF144305.1	1704	G	122
AF144305.1	1705	T	134
AF144305.1	1706	T	132
AF144305.1	1707	A	130
AF144305.1	1708	C	156
AF144305.1	1709	A	169
AF144305.1	1710	A	162
AF144305.1	1711	T	182
AF144305.1	1712	G	193
AF144305.1	1713	C	180
AF144305.1	1714	A	181
AF144305.1	1715	G	180
AF144305.1	1716	A	193
AF144305.1	1717	A	174
AF144305.1	1718	T	174
AF144305.1	1719	T	176
AF144305.1	1720	T	184
AF144305.1	1721	G	179
AF144305.1	1722	C	184
AF144305.1	1723	A	178
AF144305.1	1724	T	181
AF144305.1	1725	T	178
AF144305.1	1726	T	176
AF144305.1	1727	A	165
AF144305.1	1728	A	161
AF144305.1	1729	A	149
AF144305.1	1730	T	143
AF144305.1	1731	T	147
AF144305.1	1732	T	148
AF144305.1	1733	G	138
AF144305.1	1734	T	152
AF144305.1	1735	G	161
AF144305.1	1736	A	157
AF144305.1	1737	G	160
AF144305.1	1738	T	163
AF144305.1	1739	T	165
AF144305.1	1740	C	157
AF144305.1	1741	A	165
AF144305.1	1742	G	160
AF144305.1	1743	A	154
AF144305.1	1744	T	150
AF144305.1	1745	T	0
AF144305.1	1746	G	0
AF144305.1	1747	T	0
AF144305.1	1748	A	0
AF144305.1	1749	G	0
AF144305.1	1750	T	0
AF144305.1	1751	T	0
AF144305.1	1752	A	0
AF144305.1	1753	A	0
AF144305.1	1754	A	0
AF144305.1	1755	A	0
AF144305.1	1756	A	0
AF144305.1	1757	C	0
AF144305.1	1758	A	0
AF144305.1	1759	C	0
AF144305.1	1760	C	0
